Year,mean_H_bits,mean_eBI,mean_total_wet_width_m,mean_N_channels,Total_Water_Area_km2
1990,1.3675806726863238,3.1041960377866484,1319.4726477548231,5.2727272727272725,81.56709410615817
2000,1.0704192092631555,2.3886760921099173,1955.457574342781,4.136363636363637,132.99152088487176
2010,1.4584497444780895,3.0237198036893917,2122.5940082024663,5.681818181818182,123.67051386549117
2020,1.6499936233778518,3.4552621713646094,2127.90810785319,6.5,145.30818916386716
2024,1.687067918195991,3.478662233771282,1031.8829429610419,4.909090909090909,55.26083453056701
