Period,Average Discharge (m³/s)
Baseline,3.454066002350386
2020s,3.012375645555949
2050s,2.867542169079087
2080s,2.699462597835052
