Period,Average Power Generation (kWh)
Baseline,137998.61290322582
2020s,107479.07352833333
2050s,114878.09475433333
2080s,114492.24813066669
